{
  "total_sessions": 6,
  "participants": {
    "Adiba": {
      "total_sessions": 1,
      "total_steps_analyzed": 3771,
      "average_gait_velocity": 1.1213604339517482
    },
    "Taranneh": {
      "total_sessions": 2,
      "total_steps_analyzed": 5988,
      "average_gait_velocity": 1.1936105764495308
    },
    "Julien": {
      "total_sessions": 1,
      "total_steps_analyzed": 3542,
      "average_gait_velocity": 1.2264065992631468
    },
    "Marcy": {
      "total_sessions": 2,
      "total_steps_analyzed": 9523,
      "average_gait_velocity": 1.0345308511943216
    }
  },
  "overall_statistics": {
    "step_lengths": {
      "mean": 0.7699033414133603,
      "std": 0.1556299114579928,
      "median": 0.6991960588043369,
      "min": 0.5980750122806611,
      "max": 1.0597792051453718,
      "cv": 20.21421431582478,
      "iqr": 0.30857292032841377,
      "count": 20540
    },
    "stride_lengths": {
      "mean": 1.564970425778521,
      "std": 0.21022491961566456,
      "median": 1.6623870736366044,
      "min": 1.1496520785795075,
      "max": 1.7884074198251207,
      "cv": 13.43315606178849,
      "iqr": 0.4191819217018544,
      "count": 16343
    },
    "step_times": {
      "mean": 0.6443297198499711,
      "std": 0.1508196808885572,
      "median": 0.672,
      "min": 0.416,
      "max": 0.8798750999999999,
      "cv": 23.4072209060409,
      "iqr": 0.314708,
      "count": 20796
    },
    "stride_times": {
      "mean": 1.2806193448554912,
      "std": 0.23630145863742275,
      "median": 1.16,
      "min": 1.056,
      "max": 1.7455215999999998,
      "cv": 18.452123153276876,
      "iqr": 0.4666538999999996,
      "count": 16435
    },
    "gait_velocities": {
      "mean": 1.2794904110471368,
      "std": 0.31821609045891863,
      "median": 1.3995571084296805,
      "min": 0.7000660537655095,
      "max": 1.6522297416736065,
      "cv": 24.870533433579244,
      "iqr": 0.6746561025556781,
      "count": 20540
    },
    "double_support_times": {
      "mean": 0.14345209834581774,
      "std": 0.0684874603653538,
      "median": 0.136,
      "min": 0.056,
      "max": 0.352,
      "cv": 47.74239007661787,
      "iqr": 0.11611500000000001,
      "count": 6408
    }
  }
}