{
  "total_sessions": 6,
  "participants": {
    "Adiba": {
      "total_sessions": 1,
      "total_steps_analyzed": 1917,
      "average_gait_velocity": 1.328865002755626
    },
    "Taranneh": {
      "total_sessions": 2,
      "total_steps_analyzed": 4894,
      "average_gait_velocity": 2.1184209733136985
    },
    "Julien": {
      "total_sessions": 1,
      "total_steps_analyzed": 1942,
      "average_gait_velocity": 1.9723518960323738
    },
    "Marcy": {
      "total_sessions": 2,
      "total_steps_analyzed": 8203,
      "average_gait_velocity": 2.102737221447377
    }
  },
  "overall_statistics": {
    "step_lengths": {
      "mean": 1.4712670916505195,
      "std": 0.44733273484675534,
      "median": 1.3463892167674576,
      "min": 0.7990873281553728,
      "max": 2.1817023383860805,
      "cv": 30.40459053188783,
      "iqr": 0.7895560171134277,
      "count": 15260
    },
    "stride_lengths": {
      "mean": 2.4001359579356563,
      "std": 0.48799747466835414,
      "median": 2.8,
      "min": 1.569178043330118,
      "max": 2.8,
      "cv": 20.332076316546587,
      "iqr": 0.9499470748367556,
      "count": 15325
    },
    "step_times": {
      "mean": 0.7425444812055174,
      "std": 0.1837243838850893,
      "median": 0.7815330999999999,
      "min": 0.448,
      "max": 1.12,
      "cv": 24.742542505576722,
      "iqr": 0.2417939,
      "count": 15877
    },
    "stride_times": {
      "mean": 1.5284760425577093,
      "std": 0.33933909550382907,
      "median": 1.5858292999999999,
      "min": 1.072,
      "max": 2.512,
      "cv": 22.20113930840476,
      "iqr": 0.536,
      "count": 14599
    },
    "gait_velocities": {
      "mean": 1.9587035404065178,
      "std": 0.29448050257782227,
      "median": 1.842457479045954,
      "min": 1.533791301566651,
      "max": 2.5069009417446826,
      "cv": 15.034460116241199,
      "iqr": 0.5674076657764588,
      "count": 15260
    },
    "double_support_times": {
      "mean": 0.20177776647414744,
      "std": 0.09714839657102049,
      "median": 0.1744803,
      "min": 0.064,
      "max": 0.43249889999999996,
      "cv": 48.146234477953506,
      "iqr": 0.11199999999999999,
      "count": 3636
    }
  }
}