{
  "total_sessions": 6,
  "participants": {
    "Adiba": {
      "total_sessions": 1,
      "total_steps_analyzed": 3688,
      "average_gait_velocity": 1.3825901917548045
    },
    "Taranneh": {
      "total_sessions": 2,
      "total_steps_analyzed": 5415,
      "average_gait_velocity": 2.0086840499079903
    },
    "Julien": {
      "total_sessions": 1,
      "total_steps_analyzed": 3521,
      "average_gait_velocity": 1.9338157360352741
    },
    "Marcy": {
      "total_sessions": 2,
      "total_steps_analyzed": 9387,
      "average_gait_velocity": 1.926517455810397
    }
  },
  "overall_statistics": {
    "step_lengths": {
      "mean": 1.2311689699568855,
      "std": 0.40535202952294597,
      "median": 1.1885841524480474,
      "min": 0.5130006394608183,
      "max": 1.8,
      "cv": 32.9241590240161,
      "iqr": 0.9604099460460085,
      "count": 20910
    },
    "stride_lengths": {
      "mean": 2.2631033546098815,
      "std": 0.8855838590881336,
      "median": 1.7129222555580326,
      "min": 1.5113654900522997,
      "max": 3.6,
      "cv": 39.13139261997128,
      "iqr": 1.9840096973076609,
      "count": 18774
    },
    "step_times": {
      "mean": 0.6538810786958685,
      "std": 0.15259018727557822,
      "median": 0.688,
      "min": 0.416,
      "max": 0.8873954,
      "cv": 23.336076275507363,
      "iqr": 0.32321750000000005,
      "count": 20090
    },
    "stride_times": {
      "mean": 1.316594103208556,
      "std": 0.25098828604285195,
      "median": 1.184,
      "min": 1.056,
      "max": 1.7981881999999998,
      "cv": 19.06345208680416,
      "iqr": 0.4862617,
      "count": 18139
    },
    "gait_velocities": {
      "mean": 1.8018774347464277,
      "std": 0.16965162672762427,
      "median": 1.7615739783230944,
      "min": 1.5297528822008613,
      "max": 2.203274065260978,
      "cv": 9.41527006533043,
      "iqr": 0.1860943296141666,
      "count": 17225
    },
    "double_support_times": {
      "mean": 0.1623420657439446,
      "std": 0.058023487922894294,
      "median": 0.16,
      "min": 0.064,
      "max": 0.3461316,
      "cv": 35.7414990729589,
      "iqr": 0.07682400000000003,
      "count": 4624
    }
  }
}