{
  "total_sessions": 6,
  "participants": {
    "Adiba": {
      "total_sessions": 1,
      "total_steps_analyzed": 4907,
      "average_gait_velocity": 1.2771537947128062
    },
    "Julien": {
      "total_sessions": 1,
      "total_steps_analyzed": 3776,
      "average_gait_velocity": 1.3906164768081288
    },
    "Taranneh": {
      "total_sessions": 2,
      "total_steps_analyzed": 3439,
      "average_gait_velocity": 1.4466108497444852
    },
    "Marcy": {
      "total_sessions": 2,
      "total_steps_analyzed": 8985,
      "average_gait_velocity": 1.3762690786807594
    }
  },
  "overall_statistics": {
    "step_lengths": {
      "mean": 0.6530520005435436,
      "std": 0.10712714281871952,
      "median": 0.6428900657484397,
      "min": 0.5,
      "max": 0.8,
      "cv": 16.404075438028855,
      "iqr": 0.20158088713130273,
      "count": 21107
    },
    "stride_lengths": {
      "mean": 1.3186947936144338,
      "std": 0.017223590139330787,
      "median": 1.3097305666071428,
      "min": 1.2977014441071428,
      "max": 1.3471071428571428,
      "cv": 1.306108905770557,
      "iqr": 0.03325186571428573,
      "count": 12920
    },
    "step_times": {
      "mean": 0.4746287310864146,
      "std": 0.11639797285837082,
      "median": 0.448,
      "min": 0.3333528,
      "max": 0.736,
      "cv": 24.524004813602083,
      "iqr": 0.1654368,
      "count": 19256
    },
    "stride_times": {
      "mean": 0.989434400379257,
      "std": 0.15189307839409824,
      "median": 0.9103797999999999,
      "min": 0.8042961999999999,
      "max": 1.24,
      "cv": 15.351505702235194,
      "iqr": 0.29324479999999997,
      "count": 12920
    },
    "gait_velocities": {
      "mean": 1.4181682418174912,
      "std": 0.2524669225509318,
      "median": 1.4222414170842943,
      "min": 1.0273481411320233,
      "max": 1.7867002339047728,
      "cv": 17.802325218295405,
      "iqr": 0.4797944957431568,
      "count": 18995
    },
    "double_support_times": {
      "mean": 0.1713042,
      "std": 0.06943958258685308,
      "median": 0.1655412,
      "min": 0.064,
      "max": 0.379385,
      "cv": 40.535831921723506,
      "iqr": 0.09068879999999999,
      "count": 5306
    }
  }
}